ID,ROSCOE-SA,ROSCOE-SS,ROSCOE-LI,ROSCOE-LC,overall
7,0.668183623742707,0.5666557706426829,0.024550020694732604,0.3915050068027025,0.4127236054707063
9,0.6882042878086161,0.5637706240328649,0.0013377964496612,0.3641887986114988,0.40437537672566026
24,0.670394208869031,0.5561070809296021,0.01079741120338435,0.3908075414369894,0.40702656060975173
26,0.6707288144620297,0.5682467066993316,0.00251844525337215,0.32895700239441844,0.392612742202288
avg,0.674377733720596,0.5636950455761204,0.009800918400287576,0.36886458731140226,0.40418457125210155
