ID,ROSCOE-SA,ROSCOE-SS,ROSCOE-LI,ROSCOE-LC,overall
7,0.6682040537490661,0.5666557706426829,0.024550020694732604,0.3914310103084076,0.4127102138487223
9,0.6823918213199863,0.5637706240328649,0.0012109279632568,0.34798435841380765,0.3988394329324789
12,0.6676134260646153,0.5794486297915379,0.1260542571544647,0.3554273982290324,0.43213592780991256
avg,0.6727364337112226,0.5699583414890285,0.05060506860415137,0.36494758898374924,0.4145618581970379
