ID,ROSCOE-SA,ROSCOE-SS,ROSCOE-LI,ROSCOE-LC,overall
7,0.6681790051238737,0.5666557706426829,0.024550020694732604,0.3924715246504548,0.412964080277936
9,0.6897283877955108,0.5634591809163491,0.01062110066413875,0.36215229196717336,0.406490240335793
12,0.6692122754004727,0.5805683992803097,0.04700005054473875,0.3030251804686733,0.39995147642354856
24,0.6698359639243592,0.5559086394884313,0.01079741120338435,0.3950283472278852,0.40789259046101506
avg,0.674238908061054,0.5666479975819432,0.023242145776748616,0.3631693360785467,0.4068245968745732
