ID,ROSCOE-SA,ROSCOE-SS,ROSCOE-LI,ROSCOE-LC,overall
0,0.6810190255855217,0.5763554672400156,0.00631424784660335,0.34048500689299027,0.40104343689128275
7,0.6681352952730147,0.5666557706426829,0.024550020694732604,0.39215141461742486,0.41287312530696385
9,0.6876156154349333,0.5624492946080863,0.0050629377365112,0.37077490336753116,0.4064756877867655
12,0.6705889315200858,0.5798360941310724,0.0451002120971679,0.3508819611819016,0.41160179973255695
avg,0.676839716953389,0.5713241566554643,0.020256854593753766,0.36357332151496197,0.4079985124293923
