ID,ROSCOE-SA,ROSCOE-SS,ROSCOE-LI,ROSCOE-LC,overall
7,0.6582876614385708,0.568351216459026,0.11893931031227105,0.3778546733871676,0.43085821539925884
9,0.6942124937569801,0.565515687999626,0.0020688474178314,0.36199323185263954,0.4059475652567693
18,0.6754083759227301,0.5600498714484274,0.0102510750293731,0.3689402457084188,0.40366239202723736
22,0.7215175429327466,0.5597977588574091,0.0026878714561462,0.2716801474743479,0.38892083018016244
24,0.663929290678276,0.5578115844982676,0.004227340221405,0.39508173316487927,0.405262487140707
avg,0.6826710729458607,0.5623052238525512,0.02763488888740535,0.3551100063174906,0.406930298000827
