ID,ROSCOE-SA,ROSCOE-SS,ROSCOE-LI,ROSCOE-LC,overall
0,0.667882430588119,0.5735621781398853,0.00571593642234795,0.3220160182712767,0.39229414085540726
7,0.6707058225671841,0.5664889387941608,0.022795140743255553,0.34185429735622863,0.4004610498652073
9,0.6850742419419766,0.5679249634655813,0.0025006532669067,0.3744407676411963,0.40748515657891526
12,0.6716461617601868,0.5773206253846487,0.1498983800411224,0.3280090361936103,0.431718550844892
24,0.6720493221264683,0.5616463217884302,0.0020579099655151,0.30430888785172105,0.3850156104330337
avg,0.6734715957967868,0.5693886055145413,0.036593604087829544,0.3341258014628066,0.4033949017154911
